{
  "timestamp": "2026-05-03T21:40:13.644Z",
  "sampleSize": 480,
  "outcomeDistribution": {
    "1": 215,
    "2": 150,
    "X": 115
  },
  "preBrier": 0.6106,
  "postBrier": 0.541,
  "improvement": 11.4,
  "cvMean": 0.5842,
  "cvStd": 0.0304,
  "safe": true,
  "drawMultiplierWarning": false,
  "params": {
    "platt": {
      "home": {
        "A": 1.0446559899921808,
        "B": 0.5482430357953008,
        "n": 480
      },
      "draw": {
        "A": 1.0585310115984374,
        "B": -0.21949140720725252,
        "n": 480
      },
      "away": {
        "A": 1.4591785293812973,
        "B": -0.19786684245639952,
        "n": 480
      }
    },
    "competition": {
      "8": {
        "home": 0.9978936282253819,
        "draw": 1.139508894400049,
        "away": 0.9217225286380993
      },
      "20": {
        "home": 1.1801401099377482,
        "draw": 0.8333333333333334,
        "away": 0.9228139876158775
      },
      "22": {
        "home": 1.1223816878676915,
        "draw": 1.0099367126042467,
        "away": 0.8620689655172413
      },
      "23": {
        "home": 0.9179233557453464,
        "draw": 1.4238308380922982,
        "away": 0.8707555389794324
      },
      "24": {
        "home": 0.8928571428571429,
        "draw": 1.0102353824965569,
        "away": 1.076604111032168
      },
      "34": {
        "home": 0.9280034081226924,
        "draw": 1.070513732745126,
        "away": 1.0150556979047411
      },
      "36": {
        "home": 0.9840736056043395,
        "draw": 0.8928571428571429,
        "away": 1.0928438104126392
      },
      "37": {
        "home": 1.0137858755240245,
        "draw": 1.0230112453144524,
        "away": 0.9758685762985756
      },
      "38": {
        "home": 1.0209571954110106,
        "draw": 0.8064516129032258,
        "away": 1.0968032287099678
      },
      "39": {
        "home": 1.179377214245758,
        "draw": 0.9278061724974161,
        "away": 0.8895552569980193
      },
      "40": {
        "home": 0.950834879406308,
        "draw": 1.2371252208550068,
        "away": 0.8973337665831612
      },
      "42": {
        "home": 1.4386785314325494,
        "draw": 0.8333333333333334,
        "away": 0.9200214986650023
      },
      "44": {
        "home": 1.1176638091241533,
        "draw": 0.8928571428571429,
        "away": 0.9846519142269656
      },
      "45": {
        "home": 1.0411312324542328,
        "draw": 1.025673378313765,
        "away": 0.9657087489922195
      },
      "47": {
        "home": 1.0025559829747401,
        "draw": 1.0280020181634713,
        "away": 0.9799226857978687
      },
      "52": {
        "home": 1.1027298850574714,
        "draw": 0.9685269305645685,
        "away": 0.9205431426926901
      },
      "54": {
        "home": 1.1157471711096387,
        "draw": 0.8895313582813582,
        "away": 0.9987169450243563
      },
      "98": {
        "home": 1.1592360901118839,
        "draw": 0.9898117581160318,
        "away": 0.8658008658008658
      },
      "152": {
        "home": 0.9659796438981051,
        "draw": 1.1205361902577242,
        "away": 0.9479912445197696
      },
      "155": {
        "home": 0.935270132517839,
        "draw": 1.0737121703805197,
        "away": 1.0018366865500623
      },
      "169": {
        "home": 1.0460934946060805,
        "draw": 0.9718186412305361,
        "away": 1.00635593220339
      },
      "170": {
        "home": 1.0983478546769687,
        "draw": 1.0377230935640886,
        "away": 0.8928571428571429
      },
      "171": {
        "home": 0.9931322822055334,
        "draw": 0.9757421437624685,
        "away": 1.021140623322291
      },
      "178": {
        "home": 0.9742294046805325,
        "draw": 0.8928571428571429,
        "away": 1.1025916190103329
      },
      "185": {
        "home": 1.000387107874061,
        "draw": 1.0187742390410155,
        "away": 0.9858146798542426
      },
      "186": {
        "home": 1.2275739724193333,
        "draw": 0.9560570821852011,
        "away": 0.8928571428571429
      },
      "188": {
        "home": 1.0768319210415247,
        "draw": 0.8333333333333334,
        "away": 1.017261674851478
      },
      "196": {
        "home": 1.0540248609979814,
        "draw": 0.7352941176470589,
        "away": 1.1269577743059938
      },
      "197": {
        "home": 0.9327230802870377,
        "draw": 1.0621767586617237,
        "away": 1.011930275753679
      },
      "199": {
        "home": 1.1244948302104656,
        "draw": 0.8620689655172413,
        "away": 1.0763973541160428
      },
      "202": {
        "home": 1.148589602166096,
        "draw": 0.8620689655172413,
        "away": 0.9640663288853982
      },
      "203": {
        "home": 1.0891139758543074,
        "draw": 0.8333333333333334,
        "away": 1.0160518189625245
      },
      "210": {
        "home": 1.1065382484700175,
        "draw": 1.1013586586737143,
        "away": 0.835631087096088
      },
      "222": {
        "home": 1.1142266824085005,
        "draw": 0.8928571428571429,
        "away": 0.9749400794562827
      },
      "238": {
        "home": 1.094832771109542,
        "draw": 0.9679699491073592,
        "away": 0.9673420707030098
      },
      "239": {
        "home": 1.2409768126490284,
        "draw": 0.9070328045556574,
        "away": 0.8908268633922506
      },
      "240": {
        "home": 1.2041156840934373,
        "draw": 0.9683626346917281,
        "away": 0.8333333333333334
      },
      "247": {
        "home": 0.9529276693455798,
        "draw": 1.0388156002137017,
        "away": 1.001318685010667
      },
      "266": {
        "home": 1.1570626955864896,
        "draw": 1.0477093918151221,
        "away": 0.8333333333333334
      },
      "325": {
        "home": 1.1990048774743123,
        "draw": 0.8064516129032258,
        "away": 0.9687563400284033
      },
      "358": {
        "home": 0.9736997800872952,
        "draw": 1.2239343817378585,
        "away": 0.8620689655172413
      },
      "384": {
        "home": 1.316662202324009,
        "draw": 0.8064516129032258,
        "away": 0.9788547546631458
      },
      "390": {
        "home": 1.1699000113072835,
        "draw": 1.0018958086992211,
        "away": 0.8863675413465034
      },
      "402": {
        "home": 1.263348533187528,
        "draw": 0.6399961157342318,
        "away": 1.0285421109127195
      },
      "406": {
        "home": 1.1250148220382028,
        "draw": 0.9191566656585826,
        "away": 0.9638016288349148
      },
      "480": {
        "home": 1.0131678225548055,
        "draw": 1.1419052930397555,
        "away": 0.8064516129032258
      },
      "491": {
        "home": 1.0055205047318612,
        "draw": 0.8928571428571429,
        "away": 1.0828099079362266
      },
      "493": {
        "home": 0.8928571428571429,
        "draw": 1.1405099446358404,
        "away": 0.8928571428571429
      },
      "629": {
        "home": 1.0431697931697932,
        "draw": 1.068861836315635,
        "away": 0.8928571428571429
      },
      "649": {
        "home": 0.965442295714917,
        "draw": 0.9826064421254372,
        "away": 1.043390162418462
      },
      "682": {
        "home": 1.1146590665111833,
        "draw": 1.014968903975016,
        "away": 0.8620689655172413
      },
      "703": {
        "home": 1.178880441795878,
        "draw": 0.908148519845125,
        "away": 0.9338305838802523
      },
      "704": {
        "home": 1.0100477601559696,
        "draw": 0.9968857326785732,
        "away": 0.9969714394599853
      },
      "709": {
        "home": 1.0468021530653009,
        "draw": 0.9946184893330771,
        "away": 0.9561363695155763
      },
      "808": {
        "home": 1.006116365131579,
        "draw": 1.0038623238182467,
        "away": 0.9936905166553365
      },
      "825": {
        "home": 1.0838873056216176,
        "draw": 0.9327309807487103,
        "away": 0.9694740488659751
      },