{
  "diag": {
    "sources": {
      "hAtk": {
        "n": 4,
        "agreement": 0.7452881694909863,
        "rate": 2.0475489109865834
      },
      "aDef": {
        "n": 4,
        "agreement": 0.7479664285369003,
        "rate": 1.5896042182506362
      },
      "aAtk": {
        "n": 4,
        "agreement": 0.7160394232262705,
        "rate": 1.1078528163067725
      },
      "hDef": {
        "n": 4,
        "agreement": 0.7454975770579474,
        "rate": 0.7768884848253454
      }
    },
    "agreementHome": 0.7452881694909863,
    "agreementAway": 0.7160394232262705,
    "kMatchHome": 1.3041735859189654,
    "kMatchAway": 1.2922363294332644,
    "alphaHome": 1.4723695468173368,
    "betaHome": 1.1430666343969706,
    "alphaAway": 0.7966445833520805,
    "betaAway": 0.5586518300941318,
    "cvLocal": 0.40812882636619413,
    "leagueAvgGoals": 1.3906487779596841,
    "dynamicLambdaMin": 0.01,
    "dynamicLambdaMax": 5.194448694739638,
    "lambdaHomeMin": 0.01,
    "lambdaHomeMax": 5.194448694739638,
    "lambdaAwayMin": 0.01,
    "lambdaAwayMax": 3.0416107940806114,
    "clampHomeMinHit": false,
    "clampHomeMaxHit": false,
    "clampAwayMinHit": false,
    "clampAwayMaxHit": false
  },
  "trace": [
    {
      "stage": "dcBase",
      "hBefore": null,
      "hAfter": 2.742054,
      "aBefore": null,
      "aAfter": 0.488511,
      "dLogH": null,
      "dLogA": null,
      "meta": {
        "kMatchHome": 1.3041735859189654,
        "kMatchAway": 1.2922363294332644,
        "agreementHome": 0.7452881694909863,
        "agreementAway": 0.7160394232262705
      }
    },
    {
      "stage": "behavMod",
      "hBefore": 2.742054,
      "hAfter": 2.862167,
      "aBefore": 0.488511,
      "aAfter": 0.456506,
      "dLogH": 0.042872,
      "dLogA": -0.067761,
      "meta": {
        "behavModHome": 1.0438043017279348,
        "behavModAway": 0.9344834813826453,
        "BEHAV_SENS": 0.2025262872123364
      }
    },
    {
      "stage": "urgencyMod",
      "hBefore": 2.862167,
      "hAfter": 3.098155,
      "aBefore": 0.456506,
      "aAfter": 0.457638,
      "dLogH": 0.079228,
      "dLogA": 0.002477,
      "meta": {
        "lambdaModHome": 1.0824507728247965,
        "lambdaModAway": 1.00248004510399,
        "URGENCY_SENS": 0.22906051065035418
      }
    },
    {
      "stage": "initialClamp",
      "hBefore": 3.098155,
      "hAfter": 3.098155,
      "aBefore": 0.457638,
      "aAfter": 0.457638,
      "dLogH": 0,
      "dLogA": 0,
      "meta": {
        "lambdaHomeMin": 0.01,
        "lambdaHomeMax": 5.194448694739638,
        "lambdaAwayMin": 0.01,
        "lambdaAwayMax": 3.0416107940806114,
        "clampHomeMinHit": false,
        "clampHomeMaxHit": false,
        "clampAwayMinHit": false,
        "clampAwayMaxHit": false
      }
    },
    {
      "stage": "lqr",
      "hBefore": 3.098155,
      "hAfter": 3.137467,
      "aBefore": 0.457638,
      "aAfter": 0.452105,
      "dLogH": 0.012609,
      "dLogA": -0.012164,
      "meta": {
        "hLQR": 1.0255385598910598,
        "aLQR": 0.9759653992766751,
        "hLQRfromMV": 1.0625747515029613,
        "aLQRfromMV": 0.9411102593822672,
        "hMV": 854294.458482096,
        "aMV": 756638.7948459344,
        "lqrSens": 0.40812882636619413
      }
    },
    {
      "stage": "xgOverPerf",
      "hBefore": 3.137467,
      "hAfter": 3.426473,
      "aBefore": 0.452105,
      "aAfter": 0.452644,
      "dLogH": 0.088116,
      "dLogA": 0.00119,
      "meta": {
        "xgModHome": 1.104713281258337,
        "xgModAway": 1.0013463440853043,
        "xgOverPerfHome": 1.318151701995753,
        "xgOverPerfAway": 1.0040906144575368,
        "xgSens": 0.32913003639922267,
        "homeXGScored": null,
        "awayXGScored": null,
        "homeActualGoals": 2.1,
        "awayActualGoals": 1.5,
        "reliabilityHome": 0.8848219891058494,
        "reliabilityAway": 0.8848219891058494
      }
    },
    {
      "stage": "refMod",
      "hBefore": 3.426473,
      "hAfter": 3.409002,
      "aBefore": 0.452644,
      "aAfter": 0.450336,
      "dLogH": -0.005112,
      "dLogA": -0.005112,
      "meta": {
        "refMod": 0.9949011701590562,
        "refRatio": 0.9794485761643036,
        "refSens": 0.24810105040447325,
        "refGoalsPerMatch": 2.7241379310344827
      }
    },
    {
      "stage": "cleanSheet",
      "hBefore": 3.409002,
      "hAfter": 3.405217,
      "aBefore": 0.450336,
      "aAfter": 0.380211,
      "dLogH": -0.001111,
      "dLogA": -0.169266,
      "meta": {
        "csModHome": 0.9986352317878812,
        "csModAway": 0.8121671344657193,
        "homeCSR": 0.5355638387609647,
        "awayCSR": 0.2873864498205127,
        "lgCSR": 0.2462151396519018,
        "floor": 0.5918711736338058,
        "homeScoringRate": 0.9800022242219042,
        "awayScoringRate": 0.6083775919150817,
        "relHome": 0.8135843960445467,
        "relAway": 0.8135843960445467
      }
    },
    {
      "stage": "referenceScaling",
      "hBefore": 3.405217,
      "hAfter": 3.405217,
      "aBefore": 0.380211,
      "aAfter": 0.380211,
      "dLogH": 0,
      "dLogA": 0,
      "meta": {
        "skipped": true,
        "reason": "within_tolerance",
        "calibrationRatio": 0.9272903605761476,
        "referenceTotalGoals": 3.510190938051246,
        "referenceReliability": 0.8135843960445467,
        "tolerance": 0.2
      }
    },
    {
      "stage": "finalM167",
      "hBefore": null,
      "hAfter": 3.405217,
      "aBefore": null,
      "aAfter": 0.380211,
      "dLogH": null,
      "dLogA": null,
      "meta": {}
    }
  ]
}