{
  "diag": {
    "sources": {
      "hAtk": {
        "n": 4,
        "agreement": 0.7452883579209318,
        "rate": 2.0475512956005493
      },
      "aDef": {
        "n": 4,
        "agreement": 0.7479663666927221,
        "rate": 1.5896066028646025
      },
      "aAtk": {
        "n": 4,
        "agreement": 0.7160387433863514,
        "rate": 1.1078511160630866
      },
      "hDef": {
        "n": 4,
        "agreement": 0.7454973566635714,
        "rate": 0.7768867845816596
      }
    },
    "agreementHome": 0.7452883579209318,
    "agreementAway": 0.7160387433863514,
    "kMatchHome": 1.3041748143360818,
    "kMatchAway": 1.2922371582920813,
    "alphaHome": 1.4723697003894252,
    "betaHome": 1.143067137133841,
    "alphaAway": 0.7966425160330227,
    "betaAway": 0.5586500151223343,
    "cvLocal": 0.40813037142377023,
    "leagueAvgGoals": 1.3906502524868551,
    "dynamicLambdaMin": 0.01,
    "dynamicLambdaMax": 5.194485997906525,
    "lambdaHomeMin": 0.01,
    "lambdaHomeMax": 5.194485997906525,
    "lambdaAwayMin": 0.01,
    "lambdaAwayMax": 3.041614175005482,
    "clampHomeMinHit": false,
    "clampHomeMaxHit": false,
    "clampAwayMinHit": false,
    "clampAwayMaxHit": false
  },
  "trace": [
    {
      "stage": "dcBase",
      "hBefore": null,
      "hAfter": 2.74206,
      "aBefore": null,
      "aAfter": 0.488508,
      "dLogH": null,
      "dLogA": null,
      "meta": {
        "kMatchHome": 1.3041748143360818,
        "kMatchAway": 1.2922371582920813,
        "agreementHome": 0.7452883579209318,
        "agreementAway": 0.7160387433863514
      }
    },
    {
      "stage": "behavMod",
      "hBefore": 2.74206,
      "hAfter": 2.862175,
      "aBefore": 0.488508,
      "aAfter": 0.456502,
      "dLogH": 0.042872,
      "dLogA": -0.067762,
      "meta": {
        "behavModHome": 1.0438046870685558,
        "behavModAway": 0.934483102676394,
        "BEHAV_SENS": 0.202526976553799
      }
    },
    {
      "stage": "urgencyMod",
      "hBefore": 2.862175,
      "hAfter": 3.098166,
      "aBefore": 0.456502,
      "aAfter": 0.457634,
      "dLogH": 0.079228,
      "dLogA": 0.002477,
      "meta": {
        "lambdaModHome": 1.0824513947549688,
        "lambdaModAway": 1.0024796064304147,
        "URGENCY_SENS": 0.22905921244576677
      }
    },
    {
      "stage": "initialClamp",
      "hBefore": 3.098166,
      "hAfter": 3.098166,
      "aBefore": 0.457634,
      "aAfter": 0.457634,
      "dLogH": 0,
      "dLogA": 0,
      "meta": {
        "lambdaHomeMin": 0.01,
        "lambdaHomeMax": 5.194485997906525,
        "lambdaAwayMin": 0.01,
        "lambdaAwayMax": 3.041614175005482,
        "clampHomeMinHit": false,
        "clampHomeMaxHit": false,
        "clampAwayMinHit": false,
        "clampAwayMaxHit": false
      }
    },
    {
      "stage": "lqr",
      "hBefore": 3.098166,
      "hAfter": 3.098166,
      "aBefore": 0.457634,
      "aAfter": 0.457634,
      "dLogH": 0,
      "dLogA": 0,
      "meta": {
        "hLQR": 1,
        "aLQR": 1
      }
    },
    {
      "stage": "xgOverPerf",
      "hBefore": 3.098166,
      "hAfter": 3.098166,
      "aBefore": 0.457634,
      "aAfter": 0.457634,
      "dLogH": 0,
      "dLogA": 0,
      "meta": {
        "xgModHome": null,
        "xgModAway": null,
        "xgOverPerfHome": null,
        "xgOverPerfAway": null,
        "xgSens": 0.3291313835443175,
        "homeXGScored": null,
        "awayXGScored": null,
        "homeActualGoals": 2.1,
        "awayActualGoals": 1.5,
        "reliabilityHome": 0.8848219891058494,
        "reliabilityAway": 0.8848219891058494
      }
    },
    {
      "stage": "refMod",
      "hBefore": 3.098166,
      "hAfter": 3.082368,
      "aBefore": 0.457634,
      "aAfter": 0.455301,
      "dLogH": -0.005112,
      "dLogA": -0.005112,
      "meta": {
        "refMod": 0.9949008931965142,
        "refRatio": 0.9794475376403932,
        "refSens": 0.24810198964322042,
        "refGoalsPerMatch": 2.7241379310344827
      }
    },
    {
      "stage": "cleanSheet",
      "hBefore": 3.082368,
      "hAfter": 3.078945,
      "aBefore": 0.455301,
      "aAfter": 0.384403,
      "dLogH": -0.001111,
      "dLogA": -0.169267,
      "meta": {
        "csModHome": 0.998635247924941,
        "csModAway": 0.8121652868270611,
        "homeCSR": 0.5355681129732643,
        "awayCSR": 0.2873884708403936,
        "lgCSR": 0.24621515673944178,
        "floor": 0.5918696285762297,
        "homeScoringRate": 0.9800035082827697,
        "awayScoringRate": 0.6083809568832765,
        "relHome": 0.8135843960445467,
        "relAway": 0.8135843960445467
      }
    },
    {
      "stage": "referenceScaling",
      "hBefore": 3.078945,
      "hAfter": 3.078945,
      "aBefore": 0.384403,
      "aAfter": 0.384403,
      "dLogH": 0,
      "dLogA": 0,
      "meta": {
        "skipped": true,
        "reason": "within_tolerance",
        "calibrationRatio": 1.0135324095002067,
        "referenceTotalGoals": 3.5102151051045167,
        "referenceReliability": 0.8135843960445467,
        "tolerance": 0.2
      }
    },
    {
      "stage": "finalM167",
      "hBefore": null,
      "hAfter": 3.078945,
      "aBefore": null,
      "aAfter": 0.384403,
      "dLogH": null,
      "dLogA": null,
      "meta": {}
    }
  ]
}