{
  "diag": {
    "sources": {
      "hAtk": {
        "n": 4,
        "agreement": 0.7393355920840812,
        "rate": 1.889107440709796
      },
      "aDef": {
        "n": 4,
        "agreement": 0.7442158457731981,
        "rate": 1.6529371465779241
      },
      "aAtk": {
        "n": 4,
        "agreement": 0.7331723442575097,
        "rate": 1.6071170058097437
      },
      "hDef": {
        "n": 4,
        "agreement": 0.7455838675982581,
        "rate": 1.109233372589343
      }
    },
    "agreementHome": 0.7393355920840812,
    "agreementAway": 0.7331723442575097,
    "kMatchHome": 1.2304621573505217,
    "kMatchAway": 1.2285409791932607,
    "alphaHome": 1.2719448598755099,
    "betaHome": 1.1129302981820501,
    "alphaAway": 1.082079383473376,
    "betaAway": 0.7468520086593268,
    "cvLocal": 0.3117152208253384,
    "leagueAvgGoals": 1.4852117417217994,
    "dynamicLambdaMin": 0.01,
    "dynamicLambdaMax": 4.387478393683246,
    "lambdaHomeMin": 0.01,
    "lambdaHomeMax": 4.387478393683246,
    "lambdaAwayMin": 0.01,
    "lambdaAwayMax": 3.710581605453149,
    "clampHomeMinHit": false,
    "clampHomeMaxHit": false,
    "clampAwayMinHit": false,
    "clampAwayMaxHit": false
  },
  "trace": [
    {
      "stage": "dcBase",
      "hBefore": null,
      "hAfter": 2.277769,
      "aBefore": null,
      "aAfter": 1.143248,
      "dLogH": null,
      "dLogA": null,
      "meta": {
        "kMatchHome": 1.2304621573505217,
        "kMatchAway": 1.2285409791932607,
        "agreementHome": 0.7393355920840812,
        "agreementAway": 0.7331723442575097
      }
    },
    {
      "stage": "behavMod",
      "hBefore": 2.277769,
      "hAfter": 2.285643,
      "aBefore": 1.143248,
      "aAfter": 1.116941,
      "dLogH": 0.003451,
      "dLogA": -0.02328,
      "meta": {
        "behavModHome": 1.0034569080564109,
        "behavModAway": 0.9769891927944246,
        "BEHAV_SENS": 0.1501331669208895
      }
    },
    {
      "stage": "urgencyMod",
      "hBefore": 2.285643,
      "hAfter": 2.330906,
      "aBefore": 1.116941,
      "aAfter": 1.130127,
      "dLogH": 0.01961,
      "dLogA": 0.011736,
      "meta": {
        "lambdaModHome": 1.019803131283862,
        "lambdaModAway": 1.0118048203810122,
        "URGENCY_SENS": 0.22012961813615245
      }
    },
    {
      "stage": "initialClamp",
      "hBefore": 2.330906,
      "hAfter": 2.330906,
      "aBefore": 1.130127,
      "aAfter": 1.130127,
      "dLogH": 0,
      "dLogA": 0,
      "meta": {
        "lambdaHomeMin": 0.01,
        "lambdaHomeMax": 4.387478393683246,
        "lambdaAwayMin": 0.01,
        "lambdaAwayMax": 3.710581605453149,
        "clampHomeMinHit": false,
        "clampHomeMaxHit": false,
        "clampAwayMinHit": false,
        "clampAwayMaxHit": false
      }
    },
    {
      "stage": "lqr",
      "hBefore": 2.330906,
      "hAfter": 2.316857,
      "aBefore": 1.130127,
      "aAfter": 1.137168,
      "dLogH": -0.006046,
      "dLogA": 0.006211,
      "meta": {
        "hLQR": 0.9879816393874786,
        "aLQR": 1.012500317586345,
        "hLQRfromMV": 0.9614444216721277,
        "aLQRfromMV": 1.0401017234681302,
        "hMV": 1188315.6676249295,
        "aMV": 1285533.6679485794,
        "lqrSens": 0.3117152208253384
      }
    },
    {
      "stage": "xgOverPerf",
      "hBefore": 2.316857,
      "hAfter": 2.360539,
      "aBefore": 1.137168,
      "aAfter": 1.152057,
      "dLogH": 0.018678,
      "dLogA": 0.013008,
      "meta": {
        "xgModHome": 1.0213340687810737,
        "xgModAway": 1.0148103376297648,
        "xgOverPerfHome": 1.1147468852373925,
        "xgOverPerfAway": 1.0796585091090223,
        "xgSens": 0.18592285739989314,
        "homeXGScored": null,
        "awayXGScored": null,
        "homeActualGoals": 1.75,
        "awayActualGoals": 1.7,
        "reliabilityHome": 0.8848219891058494,
        "reliabilityAway": 0.8848219891058494
      }
    },
    {
      "stage": "refMod",
      "hBefore": 2.360539,
      "hAfter": 2.375527,
      "aBefore": 1.152057,
      "aAfter": 1.159372,
      "dLogH": 0.006329,
      "dLogA": 0.006329,
      "meta": {
        "refMod": 1.0063495119762191,
        "refRatio": 1.0331744057192618,
        "refSens": 0.19139791168987047,
        "refGoalsPerMatch": 3.0689655172413794
      }
    },
    {
      "stage": "cleanSheet",
      "hBefore": 2.375527,
      "hAfter": 2.375527,
      "aBefore": 1.159372,
      "aAfter": 1.149572,
      "dLogH": 0,
      "dLogA": -0.008489,
      "meta": {
        "csModHome": 1,
        "csModAway": 0.989619720540154,
        "homeCSR": 0.22981855912239035,
        "awayCSR": 0.12259966010408813,
        "lgCSR": 0.2048497405863558,
        "floor": 0.6882847791746616,
        "homeScoringRate": 0.8894132922389207,
        "awayScoringRate": 0.7267951140088944,
        "relHome": 0.8135843960445467,
        "relAway": 0.8135843960445467
      }
    },
    {
      "stage": "referenceScaling",
      "hBefore": 2.375527,
      "hAfter": 2.375527,
      "aBefore": 1.149572,
      "aAfter": 1.149572,
      "dLogH": 0,
      "dLogA": 0,
      "meta": {
        "skipped": true,
        "reason": "within_tolerance",
        "calibrationRatio": 0.9411314302668455,
        "referenceTotalGoals": 3.317581145771187,
        "referenceReliability": 0.8135843960445467,
        "tolerance": 0.1558576104126692
      }
    },
    {
      "stage": "finalM167",
      "hBefore": null,
      "hAfter": 2.375527,
      "aBefore": null,
      "aAfter": 1.149572,
      "dLogH": null,
      "dLogA": null,
      "meta": {}
    }
  ]
}