{
  "n": 10,
  "alpha": 14.315175196381665,
  "beta": -12.35056239759233,
  "SE_beta": 11.188528864437743,
  "t_stat": -1.1038593676822037,
  "R2": 0.13218037382972703,
  "significant": false,
  "betaScaled": -10.192047358700469,
  "meanGoals": 3.1,
  "stdGoals": 2.5582111805799856,
  "meanImportance": 0.9080699999999998,
  "recommendation": "SKIP"
}