{
  "platt": {
    "home": {
      "A": 1.3226186123927297,
      "B": -0.3135310672256381,
      "n": 301
    },
    "draw": {
      "A": 0.8662782914926382,
      "B": 0.17224799232347282,
      "n": 301
    },
    "away": {
      "A": 1.17937749810632,
      "B": 0.10977195668489798,
      "n": 301
    }
  },
  "competition": {
    "7": {
      "home": 1.050152942245374,
      "draw": 0.8743555909142176,
      "away": 0.9896734289325289
    },
    "8": {
      "home": 1.0352933395208077,
      "draw": 1.0351374261196713,
      "away": 0.9092803819773392
    },
    "11": {
      "home": 1.0920031727624675,
      "draw": 0.6756756756756757,
      "away": 1.0557135527840942
    },
    "17": {
      "home": 0.8932226067208715,
      "draw": 1.3497788959906596,
      "away": 1.0023555835547397
    },
    "23": {
      "home": 0.9340659340659341,
      "draw": 1.0306121861156397,
      "away": 1.0968955996095286
    },
    "24": {
      "home": 0.8955900441534641,
      "draw": 1.325310603137899,
      "away": 0.8869692298452483
    },
    "34": {
      "home": 0.8663816261164035,
      "draw": 1.489545713295519,
      "away": 0.9074820405925542
    },
    "35": {
      "home": 0.781486010213623,
      "draw": 1.3641778114678653,
      "away": 1.2321512064353857
    },
    "37": {
      "home": 0.9328375418292052,
      "draw": 1.3257394258831727,
      "away": 0.9091342032574532
    },
    "238": {
      "home": 0.8493136789931219,
      "draw": 1.352690224255522,
      "away": 1.0916842764757728
    },
    "679": {
      "home": 0.9346774131308895,
      "draw": 1.1428723005332206,
      "away": 1.047084404297727
    },
    "global": {
      "home": 0.8681209419222202,
      "draw": 1.3550834629652317,
      "away": 1.0212889641397287
    }
  },
  "trainedAt": "2026-04-21T07:13:58.759Z"
}