{
  "1-0": 0.9137271002530882,
  "0-0": 1.0709613109528306,
  "0-1": 0.908430115681784,
  "1-1": 1.0444807538211565,
  "2-0": 1.0018744197745033,
  "2-1": 0.9851651644076653,
  "1-2": 1.2306749806264228,
  "0-2": 1.0020939564018276,
  "3-0": 0.9991052383335013,
  "2-2": 1.094640989647638,
  "3-1": 0.9643306022823295,
  "1-3": 1.0436615267569294,
  "0-3": 1.0286451836166361,
  "3-2": 0.9561683170301307,
  "4-0": 1.0511312338390062,
  "2-3": 0.9545485442722382,
  "4-1": 0.9868829604468506,
  "4-2": 0.9805756819707915,
  "1-4": 0.9796105667287062,
  "3-3": 1.0009078099674806,
  "0-4": 0.9818478279003481,
  "5-0": 1.057032691011811,
  "5-1": 0.9866386183148902,
  "2-4": 0.9821793891907219,
  "4-3": 1.0517223155676352,
  "5-2": 1.1569074146645462,
  "3-4": 1.28235182123054,
  "1-5": 0.9930426691663842,
  "0-5": 0.9986018793848206
}